{"graph": {"path": "media/graph/graph_summary_4d55a7be.graph.json", "size": 487, "_type": "graph-file", "sha256": "4d55a7be898a51978a8634be4924ea947005644f11216b6c3429665150d7a8cd"}, "_runtime": 350.93836879730225, "loss": -0.24598743103614057, "_timestamp": 1586398878.597396, "cosine_similarity": 0.24598735570907593, "_step": 0, "epoch": 0}
