{"graph": {"path": "media/graph/graph_summary_6782baba.graph.json", "size": 1589, "_type": "graph-file", "sha256": "6782babae9d0b42ea3c9763f8809ff5e486d4a429ac5bab693edb2f96b454796"}, "epoch": 7, "_step": 7, "_timestamp": 1582979751.7088015, "_runtime": 20652.7222032547, "loss": 0.7310174276542244, "accuracy": 0.3277137279510498}
