{"graph": {"_type": "graph-file", "path": "media/graph/graph_summary_283a61f4.graph.json", "sha256": "283a61f45619d8ae2e8f7a1dc5afc0dcf067a090ef39bcb0433176a9d42fcf48", "size": 1627}, "accuracy": 0.19565217196941376, "_step": 19, "epoch": 19, "loss": 0.9828454185934627, "_timestamp": 1582780393.8606942, "_runtime": 322.39099645614624}
