{"graph": {"_type": "graph-file", "path": "media/graph/graph_summary_e2e81c8b.graph.json", "sha256": "e2e81c8b50827246e3e1285cfd907769a050a33906447438ae60f722c6a8fe51", "size": 1591}, "_runtime": 18491.60037612915, "_step": 4, "epoch": 4, "_timestamp": 1583489776.5822072, "loss": 0.4003026332572473, "accuracy": 0.5187180042266846}
