{"graph": {"_type": "graph-file", "path": "media/graph/graph_summary_e2e81c8b.graph.json", "sha256": "e2e81c8b50827246e3e1285cfd907769a050a33906447438ae60f722c6a8fe51", "size": 1591}, "loss": 0.7102881607688147, "_runtime": 24700.735640764236, "epoch": 5, "accuracy": 0.33762815594673157, "_step": 5, "_timestamp": 1583363391.6440969}
