{"graph": {"_type": "graph-file", "path": "media/graph/graph_summary_ed3436d8.graph.json", "sha256": "ed3436d88250dd530967a273c038f70751bade2f1765ad154c3aa6bde1f6e936", "size": 473}, "loss": -0.4942714666468457, "_step": 59, "cosine_similarity": 0.49427157640457153, "epoch": 59, "_runtime": 17879.58083963394, "_timestamp": 1586426196.9822712}
