{"graph": {"path": "media/graph/graph_summary_cf660ae6.graph.json", "size": 973, "_type": "graph-file", "sha256": "cf660ae647e5179b89b59ddcc222bce1d7c937483988b7fcc52b126e7b5026b2"}, "_runtime": 4926.540095329285, "accuracy": 0.8550498485565186, "epoch": 0, "loss": 1.2834942187708378, "_timestamp": 1585760970.0555055, "_step": 0}
