{"graph": {"_type": "graph-file", "path": "media/graph/graph_summary_cd73e593.graph.json", "sha256": "cd73e59341c5a1674959ca9a67df4719afb55e803a1fb7c7dd884441a66e1e4d", "size": 1591}, "accuracy": 0.49540263414382935, "loss": 0.4307279301709288, "epoch": 9, "_timestamp": 1583463532.7223747, "_step": 9, "_runtime": 41117.991564273834}
